{
  "seed": 42,
  "val": {
    "macro_f1": 0.7681777138686992,
    "accuracy": 0.7669130187606594,
    "per_class": {
      "Claim": {
        "precision": 0.7862068965517242,
        "recall": 0.76,
        "f1": 0.7728813559322034
      },
      "Fact": {
        "precision": 0.5902777777777778,
        "recall": 0.7522123893805309,
        "f1": 0.6614785992217899
      },
      "Evidence": {
        "precision": 0.8553846153846154,
        "recall": 0.8176470588235294,
        "f1": 0.8360902255639098
      },
      "Opinion": {
        "precision": 0.9875,
        "recall": 0.9875,
        "f1": 0.9875
      },
      "Background": {
        "precision": 0.6758241758241759,
        "recall": 0.5125,
        "f1": 0.5829383886255924
      }
    }
  },
  "test": {
    "macro_f1": 0.7625476605368166,
    "accuracy": 0.7556818181818182,
    "per_class": {
      "Claim": {
        "precision": 0.7644991212653779,
        "recall": 0.725,
        "f1": 0.7442258340461934
      },
      "Fact": {
        "precision": 0.5927710843373494,
        "recall": 0.7235294117647059,
        "f1": 0.6516556291390728
      },
      "Evidence": {
        "precision": 0.8424242424242424,
        "recall": 0.8176470588235294,
        "f1": 0.8298507462686566
      },
      "Opinion": {
        "precision": 0.9793388429752066,
        "recall": 0.9875,
        "f1": 0.9834024896265561
      },
      "Background": {
        "precision": 0.6568627450980392,
        "recall": 0.5583333333333333,
        "f1": 0.6036036036036035
      }
    }
  },
  "train_seconds": 198.56712300001527,
  "best_model_dir": "d:\\project\\EpiCite\\epicite\\models\\stage1_distilbert\\seed_42\\best_model"
}