{
  "seed": 2024,
  "val": {
    "macro_f1": 0.7610093047289939,
    "accuracy": 0.7606594656054576,
    "per_class": {
      "Claim": {
        "precision": 0.7616666666666667,
        "recall": 0.7616666666666667,
        "f1": 0.7616666666666667
      },
      "Fact": {
        "precision": 0.5981308411214953,
        "recall": 0.7551622418879056,
        "f1": 0.6675358539765318
      },
      "Evidence": {
        "precision": 0.8616352201257862,
        "recall": 0.8058823529411765,
        "f1": 0.8328267477203647
      },
      "Opinion": {
        "precision": 0.9915611814345991,
        "recall": 0.9791666666666666,
        "f1": 0.9853249475890985
      },
      "Background": {
        "precision": 0.6590909090909091,
        "recall": 0.48333333333333334,
        "f1": 0.5576923076923077
      }
    }
  },
  "test": {
    "macro_f1": 0.7585699103937398,
    "accuracy": 0.7522727272727273,
    "per_class": {
      "Claim": {
        "precision": 0.7591623036649214,
        "recall": 0.725,
        "f1": 0.7416879795396419
      },
      "Fact": {
        "precision": 0.594059405940594,
        "recall": 0.7058823529411765,
        "f1": 0.6451612903225806
      },
      "Evidence": {
        "precision": 0.8284023668639053,
        "recall": 0.8235294117647058,
        "f1": 0.8259587020648966
      },
      "Opinion": {
        "precision": 0.983402489626556,
        "recall": 0.9875,
        "f1": 0.9854469854469855
      },
      "Background": {
        "precision": 0.6470588235294118,
        "recall": 0.55,
        "f1": 0.5945945945945946
      }
    }
  },
  "train_seconds": 199.96560659998795,
  "best_model_dir": "d:\\project\\EpiCite\\epicite\\models\\stage1_distilbert\\seed_2024\\best_model"
}