{
  "seed": 123,
  "val": {
    "macro_f1": 0.7689275677570379,
    "accuracy": 0.770892552586697,
    "per_class": {
      "Claim": {
        "precision": 0.7389312977099237,
        "recall": 0.8066666666666666,
        "f1": 0.7713147410358565
      },
      "Fact": {
        "precision": 0.6192893401015228,
        "recall": 0.7197640117994101,
        "f1": 0.6657571623465212
      },
      "Evidence": {
        "precision": 0.851963746223565,
        "recall": 0.8294117647058824,
        "f1": 0.8405365126676603
      },
      "Opinion": {
        "precision": 0.9957627118644068,
        "recall": 0.9791666666666666,
        "f1": 0.9873949579831932
      },
      "Background": {
        "precision": 0.7762237762237763,
        "recall": 0.4625,
        "f1": 0.5796344647519583
      }
    }
  },
  "test": {
    "macro_f1": 0.7637611637412134,
    "accuracy": 0.7585227272727273,
    "per_class": {
      "Claim": {
        "precision": 0.7313915857605178,
        "recall": 0.7533333333333333,
        "f1": 0.7422003284072248
      },
      "Fact": {
        "precision": 0.618421052631579,
        "recall": 0.6911764705882353,
        "f1": 0.6527777777777778
      },
      "Evidence": {
        "precision": 0.8022284122562674,
        "recall": 0.8470588235294118,
        "f1": 0.8240343347639485
      },
      "Opinion": {
        "precision": 0.9915966386554622,
        "recall": 0.9833333333333333,
        "f1": 0.9874476987447698
      },
      "Background": {
        "precision": 0.7515151515151515,
        "recall": 0.5166666666666667,
        "f1": 0.6123456790123457
      }
    }
  },
  "train_seconds": 201.974601599999,
  "best_model_dir": "d:\\project\\EpiCite\\epicite\\models\\stage1_distilbert\\seed_123\\best_model"
}